232,"H232A","CCGCACGGATCGGCCCATTCGCGGTC","","","","","","GACCGCGAATGGGCCGATCCGTGCGG",46.09308458808658
234,"S234A","GGATCGAGCCATGCGCGGTCGCTGAG","","","","","","CTCAGCGACCGCGCATGGCTCGATCC",49.5107284404487
236,"S236A","GAGCCATTCGCGGGCGCTGAGTAAGCGAC","","","","","","GTCGCTTACTCAGCGCCCGCGAATGGCTC",55.24580247538091
239,"K239A","CGGTCGCTGAGTGCGCGACGGTCATC","","","","","","GATGACCGTCGCGCACTCAGCGACCG",59.81159349160157
241,"R241A","GCTGAGTAAGCGAGCGTCATCGGGCGCG","","","","","","CGCGCCCGATGACGCTCGCTTACTCAGC",44.95301630611857
243,"S243A","TAAGCGACGGTCAGCGGGCGCGCTCGTG","","","","","","CACGAGCGCGCCCGCTGACCGTCGCTTA",58.377170410922474
244,"G244A","CGACGGTCATCGGCCGCGCTCGTGGA","","","","","","TCCACGAGCGCGGCCGATGACCGTCG",48.77510205665652
246,"L246A","GTCATCGGGCGCGGCCGTGGACGATGAC","","","","","","GTCATCGTCCACGGCCGCGCCCGATGAC",47.836386869779574
230,"S230V","ATCGCGCCGCACGTATCGAGCCATTC","","","","","","GAATGGCTCGATACGTGCGGCGCGAT",43.8636759361778
232,"H232V","GCCGCACGGATCGGTCCATTCGCGGTCG","","","","","","CGACCGCGAATGGACCGATCCGTGCGGC",47.0072670306555
234,"S234V","CACGGATCGAGCCATGTGCGGTCGCTGAGTAAG","","","","","","CTTACTCAGCGACCGCACATGGCTCGATCCGTG",45.41515850743457
235,"R235V","CGGATCGAGCCATTCGGTGTCGCTGAGTAAGCGAC","","","","","","GTCGCTTACTCAGCGACACCGAATGGCTCGATCCG",57.07662565976108
236,"S236V","CGAGCCATTCGCGGGTGCTGAGTAAGCGAC","","","","","","GTCGCTTACTCAGCACCCGCGAATGGCTCG",47.3280001783254
240,"R240V","GTCGCTGAGTAAGGTACGGTCATCGGGCGC","","","","","","GCGCCCGATGACCGTACCTTACTCAGCGAC",42.35775183094131
242,"S242V","GAGTAAGCGACGGGTATCGGGCGCGCTC","","","","","","GAGCGCGCCCGATACCCGTCGCTTACTC",51.323219381663876
243,"S243V","TAAGCGACGGTCAGTGGGCGCGCTCGTG","","","","","","CACGAGCGCGCCCACTGACCGTCGCTTA",46.222583566209835
244,"G244V","CGACGGTCATCGGTCGCGCTCGTGGAC","","","","","","GTCCACGAGCGCGACCGATGACCGTCG",46.816211782315065
245,"A245V","CGGTCATCGGGCGTGCTCGTGGACGATG","","","","","","CATCGTCCACGAGCACGCCCGATGACCG",42.065256569196436
246,"L246V","GTCATCGGGCGCGGTCGTGGACGATGAC","","","","","","GTCATCGTCCACGACCGCGCCCGATGAC",47.55006068155649
