230,"S230A","GTAATCGCGCCGCACGCATCGAGCCATTC","","","","","","GAATGGCTCGATGCGTGCGGCGCGATTAC",65.15521940507568
231,"S231A","CGCGCCGCACGGAGCGAGCCATTC","","","","","","GAATGGCTCGCTCCGTGCGGCGCG",64.75910443781521
233,"H233A","GCACGGATCGAGCGCTTCGCGGTC","","","","","","GACCGCGAAGCGCTCGATCCGTGC",55.460863127568246
235,"R235A","CGGATCGAGCCATTCGGCGTCGCTGAGTAAG","","","","","","CTTACTCAGCGACGCCGAATGGCTCGATCCG",60.247070462183444
237,"L237A","GCCATTCGCGGTCGGCGAGTAAGCGAC","","","","","","GTCGCTTACTCGCCGACCGCGAATGGC",64.06266406605039
238,"S238A","CATTCGCGGTCGCTGGCTAAGCGACGGTCATC","","","","","","GATGACCGTCGCTTAGCCAGCGACCGCGAATG",69.93283397000846
240,"R240A","GCGGTCGCTGAGTAAGGCACGGTCATCGGG","","","","","","CCCGATGACCGTGCCTTACTCAGCGACCGC",37.99567682357821
242,"S242A","GAGTAAGCGACGGGCATCGGGCGC","","","","","","GCGCCCGATGCCCGTCGCTTACTC",50.28868498933883
231,"S231V","CGCGCCGCACGGAGTGAGCCATTCGC","","","","","","GCGAATGGCTCACTCCGTGCGGCGCG",62.93141799103222
233,"H233V","CCGCACGGATCGAGCGTTTCGCGGTCGCTG","","","","","","CAGCGACCGCGAAACGCTCGATCCGTGCGG",52.33631744006743
237,"L237V","GAGCCATTCGCGGTCGGTGAGTAAGCGACG","","","","","","CGTCGCTTACTCACCGACCGCGAATGGCTC",49.99656545644672
238,"S238V","GAGCCATTCGCGGTCGCTGGTTAAGCGACGGTCATC","","","","","","GATGACCGTCGCTTAACCAGCGACCGCGAATGGCTC",63.29536045300085
239,"K239V","CGCGGTCGCTGAGTGTGCGACGGTCATC","","","","","","GATGACCGTCGCACACTCAGCGACCGCG",60.53974835756071
241,"R241V","GCTGAGTAAGCGAGTGTCATCGGGCGCGCTC","","","","","","GAGCGCGCCCGATGACACTCGCTTACTCAGC",46.76319758200867
