"Well Position","Sequence Name","Sequence"
"A1","S230A_f","GTAATCGCGCCGCACGCATCGAGCCATTC"
"A1","S230A_r","GAATGGCTCGATGCGTGCGGCGCGATTAC"
"A2","S231A_f","CGCGCCGCACGGAGCGAGCCATTC"
"A2","S231A_r","GAATGGCTCGCTCCGTGCGGCGCG"
"A3","H233A_f","GCACGGATCGAGCGCTTCGCGGTC"
"A3","H233A_r","GACCGCGAAGCGCTCGATCCGTGC"
"A4","R235A_f","CGGATCGAGCCATTCGGCGTCGCTGAGTAAG"
"A4","R235A_r","CTTACTCAGCGACGCCGAATGGCTCGATCCG"
"A5","L237A_f","GCCATTCGCGGTCGGCGAGTAAGCGAC"
"A5","L237A_r","GTCGCTTACTCGCCGACCGCGAATGGC"
"A6","S238A_f","CATTCGCGGTCGCTGGCTAAGCGACGGTCATC"
"A6","S238A_r","GATGACCGTCGCTTAGCCAGCGACCGCGAATG"
"A7","R240A_f","GCGGTCGCTGAGTAAGGCACGGTCATCGGG"
"A7","R240A_r","CCCGATGACCGTGCCTTACTCAGCGACCGC"
"A8","S242A_f","GAGTAAGCGACGGGCATCGGGCGC"
"A8","S242A_r","GCGCCCGATGCCCGTCGCTTACTC"
"A9","S231V_f","CGCGCCGCACGGAGTGAGCCATTCGC"
"A9","S231V_r","GCGAATGGCTCACTCCGTGCGGCGCG"
"A10","H233V_f","CCGCACGGATCGAGCGTTTCGCGGTCGCTG"
"A10","H233V_r","CAGCGACCGCGAAACGCTCGATCCGTGCGG"
"A11","L237V_f","GAGCCATTCGCGGTCGGTGAGTAAGCGACG"
"A11","L237V_r","CGTCGCTTACTCACCGACCGCGAATGGCTC"
"A12","S238V_f","GAGCCATTCGCGGTCGCTGGTTAAGCGACGGTCATC"
"A12","S238V_r","GATGACCGTCGCTTAACCAGCGACCGCGAATGGCTC"
"B1","K239V_f","CGCGGTCGCTGAGTGTGCGACGGTCATC"
"B1","K239V_r","GATGACCGTCGCACACTCAGCGACCGCG"
"B2","R241V_f","GCTGAGTAAGCGAGTGTCATCGGGCGCGCTC"
"B2","R241V_r","GAGCGCGCCCGATGACACTCGCTTACTCAGC"
"B3","H232A_f","CCGCACGGATCGGCCCATTCGCGGTC"
"B3","H232A_r","GACCGCGAATGGGCCGATCCGTGCGG"
"B4","S234A_f","GGATCGAGCCATGCGCGGTCGCTGAG"
"B4","S234A_r","CTCAGCGACCGCGCATGGCTCGATCC"
"B5","S236A_f","GAGCCATTCGCGGGCGCTGAGTAAGCGAC"
"B5","S236A_r","GTCGCTTACTCAGCGCCCGCGAATGGCTC"
"B6","K239A_f","CGGTCGCTGAGTGCGCGACGGTCATC"
"B6","K239A_r","GATGACCGTCGCGCACTCAGCGACCG"
"B7","R241A_f","GCTGAGTAAGCGAGCGTCATCGGGCGCG"
"B7","R241A_r","CGCGCCCGATGACGCTCGCTTACTCAGC"
"B8","S243A_f","TAAGCGACGGTCAGCGGGCGCGCTCGTG"
"B8","S243A_r","CACGAGCGCGCCCGCTGACCGTCGCTTA"
"B9","G244A_f","CGACGGTCATCGGCCGCGCTCGTGGA"
"B9","G244A_r","TCCACGAGCGCGGCCGATGACCGTCG"
"B10","L246A_f","GTCATCGGGCGCGGCCGTGGACGATGAC"
"B10","L246A_r","GTCATCGTCCACGGCCGCGCCCGATGAC"
"B11","S230V_f","ATCGCGCCGCACGTATCGAGCCATTC"
"B11","S230V_r","GAATGGCTCGATACGTGCGGCGCGAT"
"B12","H232V_f","GCCGCACGGATCGGTCCATTCGCGGTCG"
"B12","H232V_r","CGACCGCGAATGGACCGATCCGTGCGGC"
"C1","S234V_f","CACGGATCGAGCCATGTGCGGTCGCTGAGTAAG"
"C1","S234V_r","CTTACTCAGCGACCGCACATGGCTCGATCCGTG"
"C2","R235V_f","CGGATCGAGCCATTCGGTGTCGCTGAGTAAGCGAC"
"C2","R235V_r","GTCGCTTACTCAGCGACACCGAATGGCTCGATCCG"
"C3","S236V_f","CGAGCCATTCGCGGGTGCTGAGTAAGCGAC"
"C3","S236V_r","GTCGCTTACTCAGCACCCGCGAATGGCTCG"
"C4","R240V_f","GTCGCTGAGTAAGGTACGGTCATCGGGCGC"
"C4","R240V_r","GCGCCCGATGACCGTACCTTACTCAGCGAC"
"C5","S242V_f","GAGTAAGCGACGGGTATCGGGCGCGCTC"
"C5","S242V_r","GAGCGCGCCCGATACCCGTCGCTTACTC"
"C6","S243V_f","TAAGCGACGGTCAGTGGGCGCGCTCGTG"
"C6","S243V_r","CACGAGCGCGCCCACTGACCGTCGCTTA"
"C7","G244V_f","CGACGGTCATCGGTCGCGCTCGTGGAC"
"C7","G244V_r","GTCCACGAGCGCGACCGATGACCGTCG"
"C8","A245V_f","CGGTCATCGGGCGTGCTCGTGGACGATG"
"C8","A245V_r","CATCGTCCACGAGCACGCCCGATGACCG"
"C9","L246V_f","GTCATCGGGCGCGGTCGTGGACGATGAC"
"C9","L246V_r","GTCATCGTCCACGACCGCGCCCGATGAC"
0,"",""
0,"",""
0,"",""
0,"",""
0,"",""
0,"",""
0,"",""
0,"",""
0,"",""
0,"",""
0,"",""
0,"",""
0,"",""
0,"",""
0,"",""
0,"",""
0,"",""
0,"",""
0,"",""
0,"",""
0,"",""
0,"",""
0,"",""
0,"",""
0,"",""
0,"",""
0,"",""
0,"",""
0,"",""
0,"",""
0,"",""
0,"",""
0,"",""
0,"",""
0,"",""
0,"",""
0,"",""
0,"",""
0,"",""
0,"",""
0,"",""
0,"",""
0,"",""
0,"",""
0,"",""
0,"",""
0,"",""
0,"",""
0,"",""
0,"",""
0,"",""
0,"",""
0,"",""
0,"",""
0,"",""
0,"",""
0,"",""
0,"",""
0,"",""
0,"",""
0,"",""
0,"",""
0,"",""
0,"",""
0,"",""
0,"",""
0,"",""
0,"",""
0,"",""
0,"",""
0,"",""
0,"",""
0,"",""
0,"",""
0,"",""
0,"",""
0,"",""
0,"",""
0,"",""
0,"",""
0,"",""
0,"",""
0,"",""
0,"",""
0,"",""
0,"",""
0,"",""
0,"",""
0,"",""
0,"",""
0,"",""
0,"",""
0,"",""
0,"",""
0,"",""
0,"",""
0,"",""
0,"",""
0,"",""
0,"",""
0,"",""
0,"",""
0,"",""
0,"",""
0,"",""
0,"",""
0,"",""
0,"",""
0,"",""
0,"",""
0,"",""
0,"",""
0,"",""
0,"",""
0,"",""
0,"",""
0,"",""
0,"",""
0,"",""
0,"",""
0,"",""
0,"",""
0,"",""
0,"",""
0,"",""
0,"",""
